{"main":"amrican-flights-api.raml","name":"Amrican flights API","classifier":"raml","tags":[],"dependencies":[{"groupId":"68ef9520-24e9-4cf2-b2f5-620025690913","assetId":"training-american-flight-data-type","version":"1.0.1"},{"groupId":"68ef9520-24e9-4cf2-b2f5-620025690913","assetId":"training-american-flights-example","version":"1.0.1"}],"groupId":"e3f2efa2-0e1f-495d-8a0c-8b18681ecee4","assetId":"amrican-flights-api","version":"1.0.2","apiVersion":"v1","originalFormatVersion":"1.0","metadata":{"projectId":"b7fdd360-4b6f-4020-a44f-4b9bbdc8b07d","branchId":"master","commitId":"1287c5d3be975a5116563329e721c27a3da6b855"}}